INSERT INTO security.app_user (email, name, pass, role) VALUES ('admin1@test.com', 'admin1', '$2y$12$/hViXONiSTPSsXSv4Gsss.ROFqDVqm02bMth5L7m4rAsuDF7ImsGK', 'ROLE_ADMIN');
INSERT INTO security.app_user (email, name, pass, role) VALUES ('bobross@test.com', 'Bob Ross', '$2a$10$7XYYf63GSMhvH2.7kU9KueFBiojbAt8BgSdFZxDZ1H9p/xvdSxk9m', 'ROLE_STUDENT');
INSERT INTO security.app_user (email, name, pass, role) VALUES ('teacher1@test.com', 'teacher1', '$2y$12$9kz7MZOyJqCo3FgjFZI5l.a9EyP6sOzYSwx5HyPNnhAcPnL2EcFS.', 'ROLE_TEACHER');
INSERT INTO security.app_user (email, name, pass, role) VALUES ('user1@test.com', 'user1', '$2y$12$H/d.gqSvbxGCr4MEKHu3tO2lS.I8R1gMsgajZcYI6zfbtCivPpdRK', 'ROLE_STUDENT');
INSERT INTO security.app_user (email, name, pass, role) VALUES ('zacklee@test.com', 'Zack Lee', '$2a$10$RSC3m6JKuBV52Hvi.q5se.E69Y3KOlYzGqxR65ZWMMpixo9JTVzOC', 'ROLE_STUDENT');
INSERT INTO security.game_map (id, created_by, created_date, last_modified_by, last_modified_date, description, is_playable, map_descriptor, title, topic_id) VALUES (1, 'teacher1@test.com', '2020-04-23 05:47:48.595000000', 'teacher1@test.com', '2020-04-23 05:56:28.214000000', 'First, let''s work on some small numbers.', true, '[[1,1,1,1,1,1,1,1,1,1,1,1,1,1,1,1,1,1,1,1,1,1,1,1,1,1,1,1,1],[1,0,0,0,1,0,1,0,0,0,0,0,1,0,0,0,1,0,0,0,0,0,1,0,1,0,1,0,1],[1,0,1,0,1,0,1,0,1,0,1,1,1,0,1,0,1,0,1,0,1,1,1,0,1,0,1,0,1],[1,0,1,0,1,0,0,0,1,0,1,0,0,0,1,0,0,0,1,0,0,0,0,0,0,0,0,0,1],[1,0,1,0,1,0,1,0,1,1,1,0,1,0,1,0,1,1,1,0,1,1,1,0,1,1,1,1,1],[1,0,1,0,0,0,1,0,0,0,1,0,1,0,1,0,1,0,1,0,0,0,1,0,1,0,0,0,1],[1,1,1,1,1,0,1,0,1,0,1,0,1,0,1,0,1,0,1,0,1,0,1,0,1,1,1,0,1],[1,0,1,0,1,0,1,0,1,0,1,0,1,0,1,0,0,0,1,0,1,0,1,0,1,0,0,0,1],[1,0,1,0,1,1,1,0,1,1,1,0,1,0,1,1,1,0,1,0,1,0,1,1,1,1,1,0,1],[1,0,1,0,0,0,0,0,0,0,1,0,1,0,1,0,0,0,1,0,1,0,0,0,0,0,0,0,1],[1,0,1,0,1,1,1,1,1,1,1,1,1,1,1,0,1,0,1,0,1,0,1,1,1,1,1,0,1],[1,0,1,0,1,0,0,0,1,0,0,0,0,0,0,0,1,0,1,0,1,0,1,0,0,0,1,0,1],[1,0,1,0,1,0,1,1,1,1,1,1,1,1,1,0,1,0,1,1,1,0,1,1,1,0,1,0,1],[1,0,0,0,0,0,0,0,0,0,0,0,0,0,0,0,1,0,0,0,1,0,0,0,0,0,1,2,1],[1,1,1,1,1,1,1,1,1,1,1,1,1,1,1,1,1,1,1,1,1,1,1,1,1,1,1,1,1]]', 'Adding from 1 to 100', 1);
INSERT INTO security.game_map (id, created_by, created_date, last_modified_by, last_modified_date, description, is_playable, map_descriptor, title, topic_id) VALUES (2, 'teacher1@test.com', '2020-04-23 05:48:04.226000000', 'teacher1@test.com', '2020-04-23 05:48:04.226000000', 'Then, let''s work on some bigger numbers.', false, null, 'Adding from 1 to 1,000', 1);
INSERT INTO security.game_map (id, created_by, created_date, last_modified_by, last_modified_date, description, is_playable, map_descriptor, title, topic_id) VALUES (3, 'teacher1@test.com', '2020-04-23 05:48:25.529000000', 'teacher1@test.com', '2020-04-23 06:01:45.053000000', 'Let''s start off slow with some simple subtraction.', true, '[[1,1,1,1,1,1,1,1,1,1,1,1,1,1,1,1,1,1,1,1,1,1,1,1,1,1,1,1,1],[1,0,0,0,0,0,1,0,1,0,0,0,1,0,0,0,1,0,0,0,0,0,1,0,1,0,1,0,1],[1,0,1,0,1,1,1,0,1,0,1,0,1,0,1,1,1,0,1,0,1,0,1,0,1,0,1,0,1],[1,0,1,0,0,0,1,0,0,0,1,0,1,0,1,0,1,0,1,0,1,0,0,0,0,0,0,0,1],[1,0,1,0,1,1,1,0,1,0,1,1,1,0,1,0,1,1,1,1,1,1,1,1,1,0,1,0,1],[1,0,1,0,1,0,0,0,1,0,1,0,1,0,0,0,0,0,0,0,0,0,0,0,0,0,1,0,1],[1,1,1,0,1,0,1,0,1,0,1,0,1,0,1,1,1,0,1,0,1,1,1,0,1,1,1,1,1],[1,0,0,0,0,0,1,0,1,0,1,0,0,0,1,0,0,0,1,0,1,0,1,0,0,0,1,0,1],[1,0,1,0,1,1,1,0,1,0,1,0,1,1,1,0,1,0,1,1,1,0,1,0,1,0,1,0,1],[1,0,1,0,0,0,1,0,1,0,0,0,1,0,0,0,1,0,0,0,0,0,1,0,1,0,0,0,1],[1,1,1,0,1,1,1,1,1,1,1,1,1,1,1,1,1,1,1,1,1,1,1,1,1,1,1,0,1],[1,0,0,0,0,0,1,0,0,0,1,0,0,0,1,0,0,0,0,0,0,0,1,0,0,0,0,0,1],[1,0,1,0,1,0,1,0,1,1,1,0,1,0,1,0,1,0,1,1,1,0,1,0,1,0,1,0,1],[1,0,1,0,1,0,0,0,0,0,0,0,1,0,0,0,1,0,0,0,1,0,1,0,1,0,1,2,1],[1,1,1,1,1,1,1,1,1,1,1,1,1,1,1,1,1,1,1,1,1,1,1,1,1,1,1,1,1]]', 'Subtracting from 1 to 100', 2);
INSERT INTO security.game_map (id, created_by, created_date, last_modified_by, last_modified_date, description, is_playable, map_descriptor, title, topic_id) VALUES (4, 'teacher1@test.com', '2020-04-23 05:48:45.421000000', 'teacher1@test.com', '2020-04-23 05:48:45.421000000', 'Then, we''ll move on to more complex subtraction with bigger numbers.', false, null, 'Subtracting from 1 to 1,000', 2);
INSERT INTO security.hibernate_sequence (next_val) VALUES (20);
INSERT INTO security.hibernate_sequence (next_val) VALUES (20);
INSERT INTO security.learning_material (id, created_by, created_date, last_modified_by, last_modified_date, description, link, title, game_map_id) VALUES (1, 'teacher1@test.com', '2020-04-23 05:50:24.966000000', 'teacher1@test.com', '2020-04-23 05:50:24.966000000', 'Hi Kids! Learn all about the Addition with Annie, by clicking on the right answer. Please keep your annotations on so you can enjoy the game to it''s fullest!', 'https://www.youtube.com/embed/AQ7THUKx6Es', 'Learning Maths - Addition', 1);
INSERT INTO security.learning_material (id, created_by, created_date, last_modified_by, last_modified_date, description, link, title, game_map_id) VALUES (2, 'teacher1@test.com', '2020-04-23 05:50:58.237000000', 'teacher1@test.com', '2020-04-23 05:51:44.148000000', 'This is a Khan Academy video about basic addition.', 'https://www.youtube.com/embed/AuX7nPBqDts', 'Basic Addition | Khan Academy', 1);
INSERT INTO security.learning_material (id, created_by, created_date, last_modified_by, last_modified_date, description, link, title, game_map_id) VALUES (3, 'teacher1@test.com', '2020-04-23 05:51:35.975000000', 'teacher1@test.com', '2020-04-23 05:51:35.975000000', 'When things are put together, we do addition. The sign used for addition is called plus.
Let us first try to add 1 plus 1.', 'https://www.youtube.com/embed/Fe8u2I3vmHU', 'Basic Addition', 1);
INSERT INTO security.learning_material (id, created_by, created_date, last_modified_by, last_modified_date, description, link, title, game_map_id) VALUES (16, 'teacher1@test.com', '2020-04-23 06:01:10.650000000', 'teacher1@test.com', '2020-04-23 06:01:10.650000000', 'A fun little video about subtraction.', 'https://www.youtube.com/embed/qM7B2nwpV1M', 'Subtraction for Kids', 3);
INSERT INTO security.oauth_access_token (authentication_id, authentication, client_id, refresh_token, token, token_id, user_name) VALUES ('cdf69bb13900f524f3b45e9e7dfe1d6e', 0xACED0005737200416F72672E737072696E676672616D65776F726B2E73656375726974792E6F61757468322E70726F76696465722E4F417574683241757468656E7469636174696F6EBD400B02166252130200024C000D73746F7265645265717565737474003C4C6F72672F737072696E676672616D65776F726B2F73656375726974792F6F61757468322F70726F76696465722F4F4175746832526571756573743B4C00127573657241757468656E7469636174696F6E7400324C6F72672F737072696E676672616D65776F726B2F73656375726974792F636F72652F41757468656E7469636174696F6E3B787200476F72672E737072696E676672616D65776F726B2E73656375726974792E61757468656E7469636174696F6E2E416273747261637441757468656E7469636174696F6E546F6B656ED3AA287E6E47640E0200035A000D61757468656E746963617465644C000B617574686F7269746965737400164C6A6176612F7574696C2F436F6C6C656374696F6E3B4C000764657461696C737400124C6A6176612F6C616E672F4F626A6563743B787000737200266A6176612E7574696C2E436F6C6C656374696F6E7324556E6D6F6469666961626C654C697374FC0F2531B5EC8E100200014C00046C6973747400104C6A6176612F7574696C2F4C6973743B7872002C6A6176612E7574696C2E436F6C6C656374696F6E7324556E6D6F6469666961626C65436F6C6C656374696F6E19420080CB5EF71E0200014C00016371007E00047870737200136A6176612E7574696C2E41727261794C6973747881D21D99C7619D03000149000473697A65787000000001770400000001737200426F72672E737072696E676672616D65776F726B2E73656375726974792E636F72652E617574686F726974792E53696D706C654772616E746564417574686F7269747900000000000002080200014C0004726F6C657400124C6A6176612F6C616E672F537472696E673B787074000C524F4C455F544541434845527871007E000C707372003A6F72672E737072696E676672616D65776F726B2E73656375726974792E6F61757468322E70726F76696465722E4F41757468325265717565737400000000000000010200075A0008617070726F7665644C000B617574686F72697469657371007E00044C000A657874656E73696F6E7374000F4C6A6176612F7574696C2F4D61703B4C000B726564697265637455726971007E000E4C00077265667265736874003B4C6F72672F737072696E676672616D65776F726B2F73656375726974792F6F61757468322F70726F76696465722F546F6B656E526571756573743B4C000B7265736F7572636549647374000F4C6A6176612F7574696C2F5365743B4C000D726573706F6E7365547970657371007E0014787200386F72672E737072696E676672616D65776F726B2E73656375726974792E6F61757468322E70726F76696465722E426173655265717565737436287A3EA37169BD0200034C0008636C69656E74496471007E000E4C001172657175657374506172616D657465727371007E00124C000573636F706571007E001478707400096D792D636C69656E74737200256A6176612E7574696C2E436F6C6C656374696F6E7324556E6D6F6469666961626C654D6170F1A5A8FE74F507420200014C00016D71007E00127870737200116A6176612E7574696C2E486173684D61700507DAC1C31660D103000246000A6C6F6164466163746F724900097468726573686F6C6478703F400000000000037708000000040000000274000A6772616E745F7479706574000870617373776F7264740008757365726E616D65740011746561636865723140746573742E636F6D78737200256A6176612E7574696C2E436F6C6C656374696F6E7324556E6D6F6469666961626C65536574801D92D18F9B80550200007871007E0009737200176A6176612E7574696C2E4C696E6B656448617368536574D86CD75A95DD2A1E020000787200116A6176612E7574696C2E48617368536574BA44859596B8B7340300007870770C000000103F40000000000003740004726561647400057772697465740005747275737478017371007E0023770C000000103F40000000000000787371007E001A3F40000000000000770800000010000000007870707371007E0023770C000000103F40000000000000787371007E0023770C000000103F40000000000000787372004F6F72672E737072696E676672616D65776F726B2E73656375726974792E61757468656E7469636174696F6E2E557365726E616D6550617373776F726441757468656E7469636174696F6E546F6B656E00000000000002080200024C000B63726564656E7469616C7371007E00054C00097072696E636970616C71007E00057871007E0003017371007E00077371007E000B0000000177040000000171007E000F7871007E002F737200176A6176612E7574696C2E4C696E6B6564486173684D617034C04E5C106CC0FB0200015A000B6163636573734F726465727871007E001A3F400000000000067708000000080000000271007E001C71007E001D71007E001E71007E001F780070737200326F72672E737072696E676672616D65776F726B2E73656375726974792E636F72652E7573657264657461696C732E5573657200000000000002080200075A00116163636F756E744E6F6E457870697265645A00106163636F756E744E6F6E4C6F636B65645A001563726564656E7469616C734E6F6E457870697265645A0007656E61626C65644C000B617574686F72697469657371007E00144C000870617373776F726471007E000E4C0008757365726E616D6571007E000E7870010101017371007E0020737200116A6176612E7574696C2E54726565536574DD98509395ED875B0300007870737200466F72672E737072696E676672616D65776F726B2E73656375726974792E636F72652E7573657264657461696C732E5573657224417574686F72697479436F6D70617261746F720000000000000208020000787077040000000171007E000F787071007E001F, 'my-client', '560a8989d519db5b139e86b1fab54d21', 0xACED0005737200436F72672E737072696E676672616D65776F726B2E73656375726974792E6F61757468322E636F6D6D6F6E2E44656661756C744F4175746832416363657373546F6B656E0CB29E361B24FACE0200064C00156164646974696F6E616C496E666F726D6174696F6E74000F4C6A6176612F7574696C2F4D61703B4C000A65787069726174696F6E7400104C6A6176612F7574696C2F446174653B4C000C72656672657368546F6B656E74003F4C6F72672F737072696E676672616D65776F726B2F73656375726974792F6F61757468322F636F6D6D6F6E2F4F417574683252656672657368546F6B656E3B4C000573636F706574000F4C6A6176612F7574696C2F5365743B4C0009746F6B656E547970657400124C6A6176612F6C616E672F537472696E673B4C000576616C756571007E000578707372001E6A6176612E7574696C2E436F6C6C656374696F6E7324456D7074794D6170593614855ADCE7D002000078707372000E6A6176612E7574696C2E44617465686A81014B5974190300007870770800000171A61109CC787372004C6F72672E737072696E676672616D65776F726B2E73656375726974792E6F61757468322E636F6D6D6F6E2E44656661756C744578706972696E674F417574683252656672657368546F6B656E2FDF47639DD0C9B70200014C000A65787069726174696F6E71007E0002787200446F72672E737072696E676672616D65776F726B2E73656375726974792E6F61757468322E636F6D6D6F6E2E44656661756C744F417574683252656672657368546F6B656E73E10E0A6354D45E0200014C000576616C756571007E0005787074002431356230623434302D386264652D346534392D623436662D3432326438346235393230337371007E0009770800000171D922C4CC78737200256A6176612E7574696C2E436F6C6C656374696F6E7324556E6D6F6469666961626C65536574801D92D18F9B80550200007872002C6A6176612E7574696C2E436F6C6C656374696F6E7324556E6D6F6469666961626C65436F6C6C656374696F6E19420080CB5EF71E0200014C0001637400164C6A6176612F7574696C2F436F6C6C656374696F6E3B7870737200176A6176612E7574696C2E4C696E6B656448617368536574D86CD75A95DD2A1E020000787200116A6176612E7574696C2E48617368536574BA44859596B8B7340300007870770C000000103F4000000000000374000472656164740005777269746574000574727573747874000662656172657274002436613235313637392D376161332D343638392D393736372D393337613164303037343632, '8a7140f927259f234e9bf6ed0faba9a4', 'teacher1@test.com');
INSERT INTO security.oauth_refresh_token (token_id, authentication, token) VALUES ('560a8989d519db5b139e86b1fab54d21', 0xACED0005737200416F72672E737072696E676672616D65776F726B2E73656375726974792E6F61757468322E70726F76696465722E4F417574683241757468656E7469636174696F6EBD400B02166252130200024C000D73746F7265645265717565737474003C4C6F72672F737072696E676672616D65776F726B2F73656375726974792F6F61757468322F70726F76696465722F4F4175746832526571756573743B4C00127573657241757468656E7469636174696F6E7400324C6F72672F737072696E676672616D65776F726B2F73656375726974792F636F72652F41757468656E7469636174696F6E3B787200476F72672E737072696E676672616D65776F726B2E73656375726974792E61757468656E7469636174696F6E2E416273747261637441757468656E7469636174696F6E546F6B656ED3AA287E6E47640E0200035A000D61757468656E746963617465644C000B617574686F7269746965737400164C6A6176612F7574696C2F436F6C6C656374696F6E3B4C000764657461696C737400124C6A6176612F6C616E672F4F626A6563743B787000737200266A6176612E7574696C2E436F6C6C656374696F6E7324556E6D6F6469666961626C654C697374FC0F2531B5EC8E100200014C00046C6973747400104C6A6176612F7574696C2F4C6973743B7872002C6A6176612E7574696C2E436F6C6C656374696F6E7324556E6D6F6469666961626C65436F6C6C656374696F6E19420080CB5EF71E0200014C00016371007E00047870737200136A6176612E7574696C2E41727261794C6973747881D21D99C7619D03000149000473697A65787000000001770400000001737200426F72672E737072696E676672616D65776F726B2E73656375726974792E636F72652E617574686F726974792E53696D706C654772616E746564417574686F7269747900000000000002080200014C0004726F6C657400124C6A6176612F6C616E672F537472696E673B787074000C524F4C455F544541434845527871007E000C707372003A6F72672E737072696E676672616D65776F726B2E73656375726974792E6F61757468322E70726F76696465722E4F41757468325265717565737400000000000000010200075A0008617070726F7665644C000B617574686F72697469657371007E00044C000A657874656E73696F6E7374000F4C6A6176612F7574696C2F4D61703B4C000B726564697265637455726971007E000E4C00077265667265736874003B4C6F72672F737072696E676672616D65776F726B2F73656375726974792F6F61757468322F70726F76696465722F546F6B656E526571756573743B4C000B7265736F7572636549647374000F4C6A6176612F7574696C2F5365743B4C000D726573706F6E7365547970657371007E0014787200386F72672E737072696E676672616D65776F726B2E73656375726974792E6F61757468322E70726F76696465722E426173655265717565737436287A3EA37169BD0200034C0008636C69656E74496471007E000E4C001172657175657374506172616D657465727371007E00124C000573636F706571007E001478707400096D792D636C69656E74737200256A6176612E7574696C2E436F6C6C656374696F6E7324556E6D6F6469666961626C654D6170F1A5A8FE74F507420200014C00016D71007E00127870737200116A6176612E7574696C2E486173684D61700507DAC1C31660D103000246000A6C6F6164466163746F724900097468726573686F6C6478703F400000000000037708000000040000000274000A6772616E745F7479706574000870617373776F7264740008757365726E616D65740011746561636865723140746573742E636F6D78737200256A6176612E7574696C2E436F6C6C656374696F6E7324556E6D6F6469666961626C65536574801D92D18F9B80550200007871007E0009737200176A6176612E7574696C2E4C696E6B656448617368536574D86CD75A95DD2A1E020000787200116A6176612E7574696C2E48617368536574BA44859596B8B7340300007870770C000000103F40000000000003740004726561647400057772697465740005747275737478017371007E0023770C000000103F40000000000000787371007E001A3F40000000000000770800000010000000007870707371007E0023770C000000103F40000000000000787371007E0023770C000000103F40000000000000787372004F6F72672E737072696E676672616D65776F726B2E73656375726974792E61757468656E7469636174696F6E2E557365726E616D6550617373776F726441757468656E7469636174696F6E546F6B656E00000000000002080200024C000B63726564656E7469616C7371007E00054C00097072696E636970616C71007E00057871007E0003017371007E00077371007E000B0000000177040000000171007E000F7871007E002F737200176A6176612E7574696C2E4C696E6B6564486173684D617034C04E5C106CC0FB0200015A000B6163636573734F726465727871007E001A3F400000000000067708000000080000000271007E001C71007E001D71007E001E71007E001F780070737200326F72672E737072696E676672616D65776F726B2E73656375726974792E636F72652E7573657264657461696C732E5573657200000000000002080200075A00116163636F756E744E6F6E457870697265645A00106163636F756E744E6F6E4C6F636B65645A001563726564656E7469616C734E6F6E457870697265645A0007656E61626C65644C000B617574686F72697469657371007E00144C000870617373776F726471007E000E4C0008757365726E616D6571007E000E7870010101017371007E0020737200116A6176612E7574696C2E54726565536574DD98509395ED875B0300007870737200466F72672E737072696E676672616D65776F726B2E73656375726974792E636F72652E7573657264657461696C732E5573657224417574686F72697479436F6D70617261746F720000000000000208020000787077040000000171007E000F787071007E001F, 0xACED00057372004C6F72672E737072696E676672616D65776F726B2E73656375726974792E6F61757468322E636F6D6D6F6E2E44656661756C744578706972696E674F417574683252656672657368546F6B656E2FDF47639DD0C9B70200014C000A65787069726174696F6E7400104C6A6176612F7574696C2F446174653B787200446F72672E737072696E676672616D65776F726B2E73656375726974792E6F61757468322E636F6D6D6F6E2E44656661756C744F417574683252656672657368546F6B656E73E10E0A6354D45E0200014C000576616C75657400124C6A6176612F6C616E672F537472696E673B787074002431356230623434302D386264652D346534392D623436662D3432326438346235393230337372000E6A6176612E7574696C2E44617465686A81014B5974190300007870770800000171D922C4CC78);
INSERT INTO security.progress (id, created_by, created_date, last_modified_by, last_modified_date, is_complete, x, y, time_taken, game_map_id, user_email) VALUES (2, null, null, 'zacklee@test.com', '2020-04-23 05:58:18.329000000', true, 27, 12, 92478, 1, 'zacklee@test.com');
INSERT INTO security.progress (id, created_by, created_date, last_modified_by, last_modified_date, is_complete, x, y, time_taken, game_map_id, user_email) VALUES (4, null, null, 'bobross@test.com', '2020-04-23 06:03:59.358000000', true, 27, 12, 90407, 1, 'bobross@test.com');
INSERT INTO security.question (id, created_by, created_date, last_modified_by, last_modified_date, answer, x, y, question_text, game_map_id) VALUES (4, 'teacher1@test.com', '2020-04-23 05:52:01.221000000', 'teacher1@test.com', '2020-04-23 05:56:28.425000000', 1, 9, 11, '10 + 12', 1);
INSERT INTO security.question (id, created_by, created_date, last_modified_by, last_modified_date, answer, x, y, question_text, game_map_id) VALUES (5, 'teacher1@test.com', '2020-04-23 05:52:15.648000000', 'teacher1@test.com', '2020-04-23 05:56:28.432000000', 0, 3, 13, '6 + 9', 1);
INSERT INTO security.question (id, created_by, created_date, last_modified_by, last_modified_date, answer, x, y, question_text, game_map_id) VALUES (6, 'teacher1@test.com', '2020-04-23 05:52:38.202000000', 'teacher1@test.com', '2020-04-23 05:56:28.467000000', 1, 22, 3, '73 + 12', 1);
INSERT INTO security.question (id, created_by, created_date, last_modified_by, last_modified_date, answer, x, y, question_text, game_map_id) VALUES (7, 'teacher1@test.com', '2020-04-23 05:52:59.709000000', 'teacher1@test.com', '2020-04-23 05:56:28.463000000', 0, 17, 7, '63 + 18', 1);
INSERT INTO security.question (id, created_by, created_date, last_modified_by, last_modified_date, answer, x, y, question_text, game_map_id) VALUES (8, 'teacher1@test.com', '2020-04-23 05:53:23.035000000', 'teacher1@test.com', '2020-04-23 05:56:28.396000000', 2, 1, 4, '18 + 44', 1);
INSERT INTO security.question (id, created_by, created_date, last_modified_by, last_modified_date, answer, x, y, question_text, game_map_id) VALUES (9, 'teacher1@test.com', '2020-04-23 05:53:52.099000000', 'teacher1@test.com', '2020-04-23 05:56:28.514000000', 1, 25, 13, '16 + 48', 1);
INSERT INTO security.question (id, created_by, created_date, last_modified_by, last_modified_date, answer, x, y, question_text, game_map_id) VALUES (10, 'teacher1@test.com', '2020-04-23 05:54:33.767000000', 'teacher1@test.com', '2020-04-23 05:56:28.675000000', 0, 19, 6, '59 + 22', 1);
INSERT INTO security.question (id, created_by, created_date, last_modified_by, last_modified_date, answer, x, y, question_text, game_map_id) VALUES (11, 'teacher1@test.com', '2020-04-23 05:54:59.155000000', 'teacher1@test.com', '2020-04-23 05:56:28.695000000', 1, 11, 6, '68 + 5', 1);
INSERT INTO security.question (id, created_by, created_date, last_modified_by, last_modified_date, answer, x, y, question_text, game_map_id) VALUES (12, 'teacher1@test.com', '2020-04-23 05:55:15.287000000', 'teacher1@test.com', '2020-04-23 06:00:16.623000000', 1, 22, 13, '4 + 5', 1);
INSERT INTO security.question (id, created_by, created_date, last_modified_by, last_modified_date, answer, x, y, question_text, game_map_id) VALUES (13, 'teacher1@test.com', '2020-04-23 05:55:31.316000000', 'teacher1@test.com', '2020-04-23 05:56:28.736000000', 1, 8, 13, '2 + 52', 1);
INSERT INTO security.question (id, created_by, created_date, last_modified_by, last_modified_date, answer, x, y, question_text, game_map_id) VALUES (14, 'teacher1@test.com', '2020-04-23 05:55:54.743000000', 'teacher1@test.com', '2020-04-23 05:56:28.740000000', 3, 22, 9, '7 + 57', 1);
INSERT INTO security.question (id, created_by, created_date, last_modified_by, last_modified_date, answer, x, y, question_text, game_map_id) VALUES (15, 'teacher1@test.com', '2020-04-23 05:56:19.266000000', 'teacher1@test.com', '2020-04-23 05:56:28.776000000', 0, 19, 10, '16 + 47', 1);
INSERT INTO security.question (id, created_by, created_date, last_modified_by, last_modified_date, answer, x, y, question_text, game_map_id) VALUES (17, 'teacher1@test.com', '2020-04-23 06:01:23.426000000', 'teacher1@test.com', '2020-04-23 06:01:45.053000000', 2, 21, 9, '6 - 3', 3);
INSERT INTO security.question (id, created_by, created_date, last_modified_by, last_modified_date, answer, x, y, question_text, game_map_id) VALUES (18, 'teacher1@test.com', '2020-04-23 06:01:31.402000000', 'teacher1@test.com', '2020-04-23 06:01:45.056000000', 1, 17, 7, '8 - 6', 3);
INSERT INTO security.question (id, created_by, created_date, last_modified_by, last_modified_date, answer, x, y, question_text, game_map_id) VALUES (19, 'teacher1@test.com', '2020-04-23 06:01:42.953000000', 'teacher1@test.com', '2020-04-23 06:01:45.188000000', 0, 16, 7, '10 - 2', 3);
INSERT INTO security.question_option_mapping (question_id, answer, option_index) VALUES (4, '21', 0);
INSERT INTO security.question_option_mapping (question_id, answer, option_index) VALUES (4, '22', 1);
INSERT INTO security.question_option_mapping (question_id, answer, option_index) VALUES (4, '23', 2);
INSERT INTO security.question_option_mapping (question_id, answer, option_index) VALUES (4, '24', 3);
INSERT INTO security.question_option_mapping (question_id, answer, option_index) VALUES (5, '15', 0);
INSERT INTO security.question_option_mapping (question_id, answer, option_index) VALUES (5, '16', 1);
INSERT INTO security.question_option_mapping (question_id, answer, option_index) VALUES (5, '25', 2);
INSERT INTO security.question_option_mapping (question_id, answer, option_index) VALUES (5, '26', 3);
INSERT INTO security.question_option_mapping (question_id, answer, option_index) VALUES (6, '75', 0);
INSERT INTO security.question_option_mapping (question_id, answer, option_index) VALUES (6, '85', 1);
INSERT INTO security.question_option_mapping (question_id, answer, option_index) VALUES (6, '95', 2);
INSERT INTO security.question_option_mapping (question_id, answer, option_index) VALUES (7, '81', 0);
INSERT INTO security.question_option_mapping (question_id, answer, option_index) VALUES (7, '82', 1);
INSERT INTO security.question_option_mapping (question_id, answer, option_index) VALUES (7, '71', 2);
INSERT INTO security.question_option_mapping (question_id, answer, option_index) VALUES (7, '72', 3);
INSERT INTO security.question_option_mapping (question_id, answer, option_index) VALUES (8, '60', 0);
INSERT INTO security.question_option_mapping (question_id, answer, option_index) VALUES (8, '61', 1);
INSERT INTO security.question_option_mapping (question_id, answer, option_index) VALUES (8, '62', 2);
INSERT INTO security.question_option_mapping (question_id, answer, option_index) VALUES (8, '63', 3);
INSERT INTO security.question_option_mapping (question_id, answer, option_index) VALUES (9, '63', 0);
INSERT INTO security.question_option_mapping (question_id, answer, option_index) VALUES (9, '64', 1);
INSERT INTO security.question_option_mapping (question_id, answer, option_index) VALUES (9, '53', 2);
INSERT INTO security.question_option_mapping (question_id, answer, option_index) VALUES (9, '54', 3);
INSERT INTO security.question_option_mapping (question_id, answer, option_index) VALUES (10, '81', 0);
INSERT INTO security.question_option_mapping (question_id, answer, option_index) VALUES (10, '82', 1);
INSERT INTO security.question_option_mapping (question_id, answer, option_index) VALUES (10, '83', 2);
INSERT INTO security.question_option_mapping (question_id, answer, option_index) VALUES (10, '84', 3);
INSERT INTO security.question_option_mapping (question_id, answer, option_index) VALUES (11, '93', 0);
INSERT INTO security.question_option_mapping (question_id, answer, option_index) VALUES (11, '73', 1);
INSERT INTO security.question_option_mapping (question_id, answer, option_index) VALUES (11, '83', 2);
INSERT INTO security.question_option_mapping (question_id, answer, option_index) VALUES (12, '8', 0);
INSERT INTO security.question_option_mapping (question_id, answer, option_index) VALUES (12, '9', 1);
INSERT INTO security.question_option_mapping (question_id, answer, option_index) VALUES (13, '53', 0);
INSERT INTO security.question_option_mapping (question_id, answer, option_index) VALUES (13, '54', 1);
INSERT INTO security.question_option_mapping (question_id, answer, option_index) VALUES (14, '61', 0);
INSERT INTO security.question_option_mapping (question_id, answer, option_index) VALUES (14, '62', 1);
INSERT INTO security.question_option_mapping (question_id, answer, option_index) VALUES (14, '63', 2);
INSERT INTO security.question_option_mapping (question_id, answer, option_index) VALUES (14, '64', 3);
INSERT INTO security.question_option_mapping (question_id, answer, option_index) VALUES (14, '65', 4);
INSERT INTO security.question_option_mapping (question_id, answer, option_index) VALUES (15, '63', 0);
INSERT INTO security.question_option_mapping (question_id, answer, option_index) VALUES (15, '64', 1);
INSERT INTO security.question_option_mapping (question_id, answer, option_index) VALUES (15, '65', 2);
INSERT INTO security.question_option_mapping (question_id, answer, option_index) VALUES (17, '1', 0);
INSERT INTO security.question_option_mapping (question_id, answer, option_index) VALUES (17, '2', 1);
INSERT INTO security.question_option_mapping (question_id, answer, option_index) VALUES (17, '3', 2);
INSERT INTO security.question_option_mapping (question_id, answer, option_index) VALUES (18, '1', 0);
INSERT INTO security.question_option_mapping (question_id, answer, option_index) VALUES (18, '2', 1);
INSERT INTO security.question_option_mapping (question_id, answer, option_index) VALUES (18, '3', 2);
INSERT INTO security.question_option_mapping (question_id, answer, option_index) VALUES (19, '8', 0);
INSERT INTO security.question_option_mapping (question_id, answer, option_index) VALUES (19, '9', 1);
INSERT INTO security.question_option_mapping (question_id, answer, option_index) VALUES (19, '1', 2);
INSERT INTO security.question_option_mapping (question_id, answer, option_index) VALUES (19, '2', 3);
INSERT INTO security.question_progress (id, created_by, created_date, last_modified_by, last_modified_date, attempt_count, is_cleared, progress_id, question_id) VALUES (13, 'zacklee@test.com', '2020-04-23 05:57:00.231000000', 'zacklee@test.com', '2020-04-23 05:58:02.850000000', 2, false, 2, 9);
INSERT INTO security.question_progress (id, created_by, created_date, last_modified_by, last_modified_date, attempt_count, is_cleared, progress_id, question_id) VALUES (14, 'zacklee@test.com', '2020-04-23 05:57:00.233000000', 'zacklee@test.com', '2020-04-23 05:58:14.584000000', 3, false, 2, 14);
INSERT INTO security.question_progress (id, created_by, created_date, last_modified_by, last_modified_date, attempt_count, is_cleared, progress_id, question_id) VALUES (15, 'zacklee@test.com', '2020-04-23 05:57:00.235000000', 'zacklee@test.com', '2020-04-23 05:57:12.886000000', 2, false, 2, 8);
INSERT INTO security.question_progress (id, created_by, created_date, last_modified_by, last_modified_date, attempt_count, is_cleared, progress_id, question_id) VALUES (16, 'zacklee@test.com', '2020-04-23 05:57:00.239000000', 'zacklee@test.com', '2020-04-23 05:57:00.239000000', 0, false, 2, 4);
INSERT INTO security.question_progress (id, created_by, created_date, last_modified_by, last_modified_date, attempt_count, is_cleared, progress_id, question_id) VALUES (17, 'zacklee@test.com', '2020-04-23 05:57:00.244000000', 'zacklee@test.com', '2020-04-23 05:57:30.400000000', 1, false, 2, 13);
INSERT INTO security.question_progress (id, created_by, created_date, last_modified_by, last_modified_date, attempt_count, is_cleared, progress_id, question_id) VALUES (18, 'zacklee@test.com', '2020-04-23 05:57:00.246000000', 'zacklee@test.com', '2020-04-23 05:57:00.246000000', 0, false, 2, 11);
INSERT INTO security.question_progress (id, created_by, created_date, last_modified_by, last_modified_date, attempt_count, is_cleared, progress_id, question_id) VALUES (19, 'zacklee@test.com', '2020-04-23 05:57:00.249000000', 'zacklee@test.com', '2020-04-23 05:57:00.249000000', 0, false, 2, 10);
INSERT INTO security.question_progress (id, created_by, created_date, last_modified_by, last_modified_date, attempt_count, is_cleared, progress_id, question_id) VALUES (20, 'zacklee@test.com', '2020-04-23 05:57:00.254000000', 'zacklee@test.com', '2020-04-23 05:57:54.021000000', 3, false, 2, 12);
INSERT INTO security.question_progress (id, created_by, created_date, last_modified_by, last_modified_date, attempt_count, is_cleared, progress_id, question_id) VALUES (21, 'zacklee@test.com', '2020-04-23 05:57:00.256000000', 'zacklee@test.com', '2020-04-23 05:57:00.256000000', 0, false, 2, 6);
INSERT INTO security.question_progress (id, created_by, created_date, last_modified_by, last_modified_date, attempt_count, is_cleared, progress_id, question_id) VALUES (22, 'zacklee@test.com', '2020-04-23 05:57:00.260000000', 'zacklee@test.com', '2020-04-23 05:57:38.016000000', 1, false, 2, 7);
INSERT INTO security.question_progress (id, created_by, created_date, last_modified_by, last_modified_date, attempt_count, is_cleared, progress_id, question_id) VALUES (23, 'zacklee@test.com', '2020-04-23 05:57:00.263000000', 'zacklee@test.com', '2020-04-23 05:57:24.578000000', 1, false, 2, 5);
INSERT INTO security.question_progress (id, created_by, created_date, last_modified_by, last_modified_date, attempt_count, is_cleared, progress_id, question_id) VALUES (24, 'zacklee@test.com', '2020-04-23 05:57:00.264000000', 'zacklee@test.com', '2020-04-23 05:57:00.264000000', 0, false, 2, 15);
INSERT INTO security.question_progress (id, created_by, created_date, last_modified_by, last_modified_date, attempt_count, is_cleared, progress_id, question_id) VALUES (37, 'bobross@test.com', '2020-04-23 06:02:16.705000000', 'bobross@test.com', '2020-04-23 06:03:03.149000000', 1, false, 4, 7);
INSERT INTO security.question_progress (id, created_by, created_date, last_modified_by, last_modified_date, attempt_count, is_cleared, progress_id, question_id) VALUES (38, 'bobross@test.com', '2020-04-23 06:02:16.708000000', 'bobross@test.com', '2020-04-23 06:03:30.884000000', 1, false, 4, 10);
INSERT INTO security.question_progress (id, created_by, created_date, last_modified_by, last_modified_date, attempt_count, is_cleared, progress_id, question_id) VALUES (39, 'bobross@test.com', '2020-04-23 06:02:16.709000000', 'bobross@test.com', '2020-04-23 06:02:44.735000000', 1, false, 4, 4);
INSERT INTO security.question_progress (id, created_by, created_date, last_modified_by, last_modified_date, attempt_count, is_cleared, progress_id, question_id) VALUES (40, 'bobross@test.com', '2020-04-23 06:02:16.711000000', 'bobross@test.com', '2020-04-23 06:03:38.242000000', 2, false, 4, 15);
INSERT INTO security.question_progress (id, created_by, created_date, last_modified_by, last_modified_date, attempt_count, is_cleared, progress_id, question_id) VALUES (41, 'bobross@test.com', '2020-04-23 06:02:16.712000000', 'bobross@test.com', '2020-04-23 06:03:45.173000000', 1, false, 4, 14);
INSERT INTO security.question_progress (id, created_by, created_date, last_modified_by, last_modified_date, attempt_count, is_cleared, progress_id, question_id) VALUES (42, 'bobross@test.com', '2020-04-23 06:02:16.714000000', 'bobross@test.com', '2020-04-23 06:02:22.339000000', 2, false, 4, 8);
INSERT INTO security.question_progress (id, created_by, created_date, last_modified_by, last_modified_date, attempt_count, is_cleared, progress_id, question_id) VALUES (43, 'bobross@test.com', '2020-04-23 06:02:16.715000000', 'bobross@test.com', '2020-04-23 06:03:54.655000000', 1, false, 4, 9);
INSERT INTO security.question_progress (id, created_by, created_date, last_modified_by, last_modified_date, attempt_count, is_cleared, progress_id, question_id) VALUES (44, 'bobross@test.com', '2020-04-23 06:02:16.717000000', 'bobross@test.com', '2020-04-23 06:02:31.699000000', 1, false, 4, 5);
INSERT INTO security.question_progress (id, created_by, created_date, last_modified_by, last_modified_date, attempt_count, is_cleared, progress_id, question_id) VALUES (45, 'bobross@test.com', '2020-04-23 06:02:16.718000000', 'bobross@test.com', '2020-04-23 06:03:10.329000000', 1, false, 4, 11);
INSERT INTO security.question_progress (id, created_by, created_date, last_modified_by, last_modified_date, attempt_count, is_cleared, progress_id, question_id) VALUES (46, 'bobross@test.com', '2020-04-23 06:02:16.720000000', 'bobross@test.com', '2020-04-23 06:03:26.246000000', 3, false, 4, 6);
INSERT INTO security.question_progress (id, created_by, created_date, last_modified_by, last_modified_date, attempt_count, is_cleared, progress_id, question_id) VALUES (47, 'bobross@test.com', '2020-04-23 06:02:16.723000000', 'bobross@test.com', '2020-04-23 06:03:50.004000000', 1, false, 4, 12);
INSERT INTO security.question_progress (id, created_by, created_date, last_modified_by, last_modified_date, attempt_count, is_cleared, progress_id, question_id) VALUES (48, 'bobross@test.com', '2020-04-23 06:02:16.724000000', 'bobross@test.com', '2020-04-23 06:02:37.964000000', 1, false, 4, 13);
INSERT INTO security.topic (id, created_by, created_date, last_modified_by, last_modified_date, description, title) VALUES (1, 'teacher1@test.com', '2020-04-23 05:46:30.152000000', 'teacher1@test.com', '2020-04-23 05:46:30.152000000', 'Putting 2 and 2 together. P.S. It gives you 4.', 'Addition');
INSERT INTO security.topic (id, created_by, created_date, last_modified_by, last_modified_date, description, title) VALUES (2, 'teacher1@test.com', '2020-04-23 05:46:41.047000000', 'teacher1@test.com', '2020-04-23 05:46:41.047000000', 'Removing one thing from another.', 'Subtraction');
INSERT INTO security.topic (id, created_by, created_date, last_modified_by, last_modified_date, description, title) VALUES (3, 'teacher1@test.com', '2020-04-23 05:47:27.619000000', 'teacher1@test.com', '2020-04-23 05:47:27.619000000', 'The repeated addition of numbers together. You can think of it as adding groups of items together.', 'Multiplication');
INSERT INTO security.topic (id, created_by, created_date, last_modified_by, last_modified_date, description, title) VALUES (4, 'teacher1@test.com', '2020-04-23 05:49:11.953000000', 'teacher1@test.com', '2020-04-23 05:49:11.953000000', 'Just like the normal sense of the word division, it''s about dividing things into groups.', 'Division');